{
  "metadata": {
    "name": "Net Truyện",
    "description": "Net Truyện - Đọc truyện tranh",

    "source": "https://www.nettruyenking.com",
    "regexp": "(www.)?(nhattruyen.com|nettruyen.com|nettruyentop.com|nettruyenvip.com|nettruyenpro.com|nettruyengo.com|nettruyenmoi.com|nettruyenone.com|nettruyenco.com|nettruyenme.com|nettruyenin.com|nettruyenon.com|nettruyentv.com|nettruyenmin.com|nettruyenking.com)/truyen-tranh/[^/]+/?$",

    "author": "ngatngay",
    "version": 3,
    "locale": "vi_VN",
    "language": "javascript",
    "type": "comic",

    "path": "https://raw.githubusercontent.com/ngatngay/vbook-extensions/master/nettruyen/plugin.zip",
    "icon": "https://raw.githubusercontent.com/ngatngay/vbook-extensions/master/nettruyen/icon.png"
  },
  "script": {
    "home": "home.js",
    "genre": "genre.js",
    "detail": "detail.js",
    "search": "search.js",
    "toc": "toc.js",
    "chap": "chap.js"
  }
}